victim_race,Closed by arrest,Closed without arrest,Open/No arrest
Asian,0.5985401459854015,0.10510948905109489,0.29635036496350364
Black,0.46347531548814486,0.04484278049219148,0.49168190401966366
Hispanic,0.48282857556875813,0.05810752064918128,0.4590639037820606
Other,0.5228571428571429,0.04285714285714286,0.4342857142857143
Unknown,0.5108359133126935,0.07620862110026197,0.41295546558704455
White,0.6251381651665877,0.09521553765987684,0.27964629717353545
